SWM斯威汽车,56,https://car.autohome.com.cn//price/brand-269.html
萨博,15,https://car.autohome.com.cn//price/brand-64.html
赛麟,14,https://car.autohome.com.cn//price/brand-205.html
三菱,323,https://car.autohome.com.cn//price/brand-68.html
陕汽通家,26,https://car.autohome.com.cn//price/brand-149.html
上汽大通,445,https://car.autohome.com.cn//price/brand-155.html
世爵,1,https://car.autohome.com.cn//price/brand-66.html
双环,82,https://car.autohome.com.cn//price/brand-90.html
双龙,139,https://car.autohome.com.cn//price/brand-69.html
思铭,5,https://car.autohome.com.cn//price/brand-162.html
斯巴鲁,257,https://car.autohome.com.cn//price/brand-65.html
斯达泰克,13,https://car.autohome.com.cn//price/brand-238.html
斯柯达,369,https://car.autohome.com.cn//price/brand-67.html
泰卡特,7,https://car.autohome.com.cn//price/brand-202.html
特斯拉,36,https://car.autohome.com.cn//price/brand-133.html
腾势,7,https://car.autohome.com.cn//price/brand-161.html
WEY,19,https://car.autohome.com.cn//price/brand-283.html
威麟,36,https://car.autohome.com.cn//price/brand-102.html
威马汽车,8,https://car.autohome.com.cn//price/brand-291.html
威兹曼,7,https://car.autohome.com.cn//price/brand-99.html
潍柴英致,42,https://car.autohome.com.cn//price/brand-192.html
蔚来,3,https://car.autohome.com.cn//price/brand-284.html
沃尔沃,418,https://car.autohome.com.cn//price/brand-70.html
五菱汽车,138,https://car.autohome.com.cn//price/brand-114.html
五十铃,138,https://car.autohome.com.cn//price/brand-167.html
西雅特,13,https://car.autohome.com.cn//price/brand-98.html
现代,657,https://car.autohome.com.cn//price/brand-12.html
小鹏汽车,2,https://car.autohome.com.cn//price/brand-275.html
新凯,8,https://car.autohome.com.cn//price/brand-185.html
新特汽车,4,https://car.autohome.com.cn//price/brand-324.html
鑫源,17,https://car.autohome.com.cn//price/brand-306.html
雪佛兰,435,https://car.autohome.com.cn//price/brand-71.html
雪铁龙,436,https://car.autohome.com.cn//price/brand-72.html
野马汽车,71,https://car.autohome.com.cn//price/brand-111.html
一汽,350,https://car.autohome.com.cn//price/brand-110.html
依维柯,157,https://car.autohome.com.cn//price/brand-144.html
英菲尼迪,173,https://car.autohome.com.cn//price/brand-73.html
永源,82,https://car.autohome.com.cn//price/brand-93.html
宇通客车,8,https://car.autohome.com.cn//price/brand-298.html
驭胜,87,https://car.autohome.com.cn//price/brand-263.html
御捷,1,https://car.autohome.com.cn//price/brand-232.html
裕路,2,https://car.autohome.com.cn//price/brand-307.html
云度,15,https://car.autohome.com.cn//price/brand-286.html
云雀汽车,4,https://car.autohome.com.cn//price/brand-317.html
之诺,2,https://car.autohome.com.cn//price/brand-182.html
知豆,14,https://car.autohome.com.cn//price/brand-206.html
中华,287,https://car.autohome.com.cn//price/brand-22.html
中兴,193,https://car.autohome.com.cn//price/brand-74.html
众泰,421,https://car.autohome.com.cn//price/brand-94.html
